"id","item_number","title","slug","description_short","description_long","image","price","offerprice","stock","brand_id","is_active","created_at","updated_at"
1,551104,"Les Paul Deluxe Player Plus Satin Vintage Sunburst","les_paul_deluxe_player_plus_satin_vintage_sunburst","El-guitar med mahognikrop, AA ahorntop, mahognihals med gribebræt af richlite, hvide bindinger og 2 x Mini Humbuckers. Inkl. Hardshell case.","El-guitar med mahognikrop, AA ahorntop, mahognihals med gribebræt af richlite, hvide bindinger og 2 x Mini Humbuckers. Inkl. Hardshell case.
Gibson's 2018 modeller leveres med ""cryogenically treated frets"", hvor alle bånd behandles ved meget lave temperaturer (lavere end -185 ℃) for at modstå mere slid end normalt. De føles nøjagtigt som traditionelle bånd, men tåler meget mere. Modellerne, der ikke inkluderer guitarkasse, leveres i en polstret blød taske, der erstatter tidligere gigbag-design. HP-modellerne har opgraderede og hurtigere G-FORCE systemer, og Gibson 2018 præsenterer også helt nye farver som Cobalt Burst, Mojave Burst, Blood Orange Burst og Autumn Shade. 

Specifikationer
Krop: Mahogni
Top: AA ahorn
Hvide bindinger
Hals: mahogni
Halsprofil: Rounded
Sadelbredde: 1.695""
Gribebræt: Richlite
Skalalængde: 24.75""
Antal bånd: 22
Sadel: Tektoid
Indlæg i gribebræt: Acrylic Traps
Stol: Tune-O-Matic med Titanium Saddles
Tailpiece: Stop Bar
Knapper: Black Tophats w/ Silver Inserts
Stemmeskruer: Kidneys
Hardware finish: Krom
Pickupper: 2 x Mini Humbuckers
Kontroller: 2 x volume, 2 x tone, 3-vejs pickupswitch
Inkl. Hardshell case","les-paul-deluxe-player-plus-satin-vintage-sunburst.jpeg",23399,0,2,1,1,"2023-10-17 07:38:54","2023-10-17 07:38:54"
2,530721,"ES-335 Satin 2018 Walnut","es-335_satin_2018_walnut","El-guitar Semi-hollowbody model med krop af ahorn/poppel/ahorn, mahognihals med Rosewood gribebræt og Burstbucker pickupper. Inkl. kasse.","El-guitar Semi-hollowbody model med krop af ahorn/poppel/ahorn, mahognihals med Rosewood gribebræt og Burstbucker pickupper. Inkl. kasse.
Limited Release-model med samme udseende og byggekvalitet som ES-335 Traditional, men i Satin finish. Klassiske Gibson-egenskaber som mahognihals, gribebræt af Rosewood og centerblok af ahorn. ABR-1 bro med titansadler, Grover 102 Rotomatic-stemmeskruer, MTC Control Assembly og Burstbucker 1 & 2 pickupper.

Specifikationer
Krop: 3-lag ahorn/poppel/ahorn
Centerblok: Ahorn
Bracing: Gran
Binding: Single-ply cream
Hals: Quarter-sawn mahogni
Halsprofil: Rounded “C”, Rolled Binding
Gribebræt: Rosewood
Indlæg: Pearloid Small Block
Oversadel: Ben
Oversadelbredde: 1.687”
Skalalængde: 24.75”
Antal bånd: 22
Hardware: Satin nickel
Bro: ABR-1 med titansadler
Stemmeskruer: Grover 102 Rotomatics
Pickupper: Burstbucker 1 (hals) og Burstbucker 2 (bridge)
Inkl. Hardshell Case","es-335-satin-2018-walnut.jpeg",19199,0,4,1,1,"2023-10-17 07:38:54","2023-10-17 07:38:54"
3,530737,"ES-275 Custom 2018 | Ebony","es-275_custom_2018_|_ebony","El-guitar Hollowbody model med top, sider og bund af 3-lags flammet ahorn/poppel, mahognihals med gribebræt af mørk Rosewood og MHS Humbucker pickupper. Inkl. kasse.","El-guitar Hollowbody model med top, sider og bund af 3-lags flammet ahorn/poppel, mahognihals med gribebræt af mørk Rosewood og MHS Humbucker pickupper. Inkl. kasse.
ES-275 Custom 2018 i Sunset Burst finish er en klassisk archtop født på ny, designet med tanke på moderne guitarister. ES-275 Custom hædrer Gibsons lange tradition med enestående jazzguitarer både udseende-, lyd-, og følelsesmæssig, og giver guitarister inden for alle genrer et tidløst instrument med egenskaber som gribebræt af Rosewood, thinline-krop med single-cutaway og god tilgang til de høje bånd. ’Milk Bottle’ rotomatic-stemmeskruer og ABR-1 bro med titansadler som sørger for nøjagtig intonation og stemmestabilitet. Hand-wired Orange Drop-kondensatorer, 550K matchede potter og MHS Humbucker pickupper sørger for at Gibson ES-275 lyder fantastisk.

Specifikationer
Top: 3-lags ahorn/poppel/ahorn
Bund: 3-lags ahorn/poppel/ahorn
Bracing: Quarter Sawn Adirondack Spruce
Bindinger: Multi-ply
Hals: Quarter Sawn Mahogany
Halsprofil: Rounded ”C”, Rolled Binding
Gribebræt: Mørk Rosewood
Indlæg: Mother of Pearl Full Block
Oversadelbredde: 1.687”
Skala: 24.75”
Bånd: 22
Hardware: Guldfinish
Bro: ABR-1 med titansadler og rosewood stol
Tailpiece: Three Bar Archtop
Stemmeskruer: Grover 'Milk Bottle' Rotomatics
Halspickup: MHS Humbucker Rhythm
Bropickup: MHS Humbucker Lead
Kontroller: 2 volum, 2 tone, 3-vejs switch
Inkl. Hardshell Case","es-275-custom-2018-ebony.jpeg",29719,0,3,1,1,"2023-10-17 07:38:54","2023-10-17 07:38:54"
4,531147,"Les Paul Standard 2018 Left Hand Blood Orange Burst","les_paul_standard_2018_left_hand_blood_orange_burst","El-guitar venstrehåndet med mahognikrop og AAA flammet ahorntop, mahognihals med Rosewood gribebræt og Burstbucker Pro pickupper. Inkl. kasse.","El-guitar venstrehåndet med mahognikrop og AAA flammet ahorntop, mahognihals med Rosewood gribebræt og Burstbucker Pro pickupper. Inkl. kasse.
Les Paul Standard 2018 kan skilte med “Ultra-Modern” vægtreduktion, en flot AAA-Grade flammet ahorntop, Assymetrical Slim Taper-halsprofil med gribebræt med compound radius og “cryogenic” båndbehandling ved ekstremt lave temperaturer. Alle volume- og tonekontroller er push-pull, og tilbyder coil tap på begge pickupper, pure bypass og phase reverse. Les Paul Standard T 2017 er udstyret med opgraderede PAF-inspirerede Burstbucker Pro Rhythm og Lead pickupper og Locking Kidney låsbare stemmeskruer. 

Gibson's 2018 modeller leveres med ""cryogenically treated frets"", hvor alle bånd behandles ved meget lave temperaturer (lavere end -185 ℃) for at modstå mere slid end normalt. De føles nøjagtigt som traditionelle bånd, men tåler meget mere. Modellerne, der ikke inkluderer guitarkasse, leveres i en polstret blød taske, der erstatter tidligere gigbag-design. HP-modellerne har opgraderede og hurtigere G-FORCE systemer, og Gibson 2018 præsenterer også helt nye farver som Cobalt Burst, Mojave Burst, Blood Orange Burst og Autumn Shade.

Specifikationer
Model: Lefthand
Top: AAA flammet ahorn
Krop: Mahogni
Finish: Gloss Nitrocellulose
Vægtreduktion: Ultra-Modern
Bindinger: Cream
Hals: Mahogni
Halsprofil: Asymmetrical Slim Taper
Sadelbredde: 1.695”
Gribebræt: Rosewood med Compound Radius
Bånd: 22 Medium (behandlet ved meget lav temperatur),
Mensur/skalalengde: 24.75”
Oversadel: Tektoid
Bro: Tune-O-Matic med StopBar tailpiece (aluminium)
Stemmeskruer: Locking Kidney
Hardware: Krom
Pickupper: 2 x Burstbucker
Kontroller: 2 x volume, 2 x tone, 3-vejs switch, 4 x Push-pull (coil-tap, pure bypass, phase)
Inkl. Gibson-kasse, Gibson USA multiværktøj, rem, pudseklud, ekstra strengesæt og fret protector","les-paul-standard-2018-left-hand-blood-orange-burst.jpeg",19379,0,1,1,1,"2023-10-17 07:38:54","2023-10-17 07:38:54"
5,591580,"American Performer Telecaster, MN Vintage White","american_performer_telecaster,_mn_vintage_white","El-guitar med krop af el, ahornhals med Modern ""C""-profil og gribebræt af ahorn, Yosemite Single-Coil Tele pickupper, og Greasebucket Tone Circuit. Inkl. Deluxe gigbag.","El-guitar med krop af el, ahornhals med Modern ""C""-profil og gribebræt af ahorn, Yosemite Single-Coil Tele pickupper, og Greasebucket Tone Circuit. Inkl. Deluxe gigbag.
Fender American Performer-serien erstatter American Special, og er dermed Fenders billigste Amerika producerede serie. American Performer er kvalitets instrumenter som ikke koster det vilde, og består af kendte Fender-klassikere som bl.a. Telecaster, Stratocaster, Jazzmaster og Mustang.

American Performer-modellerne har matlakeret hals og Modern “C”-profil. Modellerne er også udstyret med Yosemite og DoubleTap pickupper, med voicing som matcher hver enkelt model og pickup position. Et Greasebucket Tone System lader dig dæmpe diskanten uden tab af gain. Leveres i Fender Deluxe Gigbag. En ægte Fender fra Corona, California!

Specifikationer
Kropsmateriale: Elletræ gloss polyuretan finish
Kropsform: Telecaster
Halsmateriale: Ahorn, satin finish
Halsprofil: Modern “C”
Gribebræt: Ahorn, 9.5"" radius (241 mm)
Oversadel: Syntetisk ben
Oversadelbredde: 1.650” (42 mm)
Indlægg i gribebræt: Sorte “dots”
Truss Rod: Standard, ⅛” American Series
Antal bånd: 22
Bånd: Jumbo
Skalalængde: 25.5” (648 mm)
Bropickup: Yosemite Single-Coil Telecaster
Halspickup: Yosemite Single-Coil Telecaster
Kontroller: Master Vol, Master Tone, Greasebucket Tone Circuit, 3-vejs switch
Bro: 3-Saddle Strings-Thru-Body Tele
Stemmeskruer: Fender Classic Gear
Knapper: Knurled Flat-Top
Neck Plate: 4-Bolt
Hardware: Nikkel/krom
Inkl. Deluxe Gig Bag","american-performer-telecaster-mn-vintage-white.jpeg",8949,0,8,2,1,"2023-10-17 07:38:54","2023-10-17 07:38:54"
6,551223,"Eric Johnson Signature Stratocaster Thinline 2-Color Sunburst","eric_johnson_signature_stratocaster_thinline_2-color_sunburst","El-guitar Eric Johnsom signaturmodel, Semi-hollowbody med F-hul, krop af el, ahornhals med Soft ""V""-profil, gribebræt af ahorn, 3 x Eric Johnson Single-Coil pickupper og nitrolak. Inkl. Deluxe Blonde Hardhell case.","El-guitar Eric Johnsom signaturmodel, Semi-hollowbody med F-hul, krop af el, ahornhals med Soft ""V""-profil, gribebræt af ahorn, 3 x Eric Johnson Single-Coil pickupper og nitrolak. Inkl. Deluxe Blonde Hardhell case.
Eric Johnson Signature Stratocaster Thinline er en semi-hollow Stratocaster med krop af elletræ. Denne model, med lav vægt og det distinkte F-hul, er signaturmodellen til Eric Johnson, og er resultatet af to års samarbejde mellem ham og Fender. Målet var at udvikle en el-guitar i skæringspunktet mellem hans egen strat og personlige favoritter med semi-hollow konstruktion, som giver lyden en helt anden grad af luft og resonans.



Modellen er udstyret med custom Eric Johnson single-coil pickupper, skabt af R&D hos Fender for optimalt at kunne reproducere sounden til Eric Johnson. Sættet kombinerer Alnico 3 og 5-magneter, og har en noget hottere pickup ved broen.

Ahornhalsen har “Soft V”-profil som er en afrundet, men alligevel fyldig, V-hals. Gribebrættet er af ahorn, og har 12” radius. Vintage-style tremolo uden dæksel på baksiden, nitrocelluloselak. Leveres i custom hardcase.

Highlights
Konstruktion: Semi-hollowbody
Kropsform: Stratocaster
Krop: El
Finish krop/hals: Gloss Nitrocellulose
Hals: Ahorn
Halsprofil: Soft “V”
Gribebræt: Ahorn
Bånd: 21 Medium Jumbo
Indlæg i gribebræt: Dot, sorte
Radius: 12” (305 mm)
Oversadel: 1.650” (42 mm), ben
Truss Rod/nut: Vintage-Style Slotted
Mensur/skala: 25.5"" (648 mm)
Pickupper: 3 x Specially Voiced Eric Johnson Single-Coil with Countersunk Mounting Screws
Kontroller: Master Volume, Tone 1, Tone 2, 5-veis switch
Bro: 6-Saddle Vintage-Style Synchronized Tremolo
Stemmeskruer: Vintage-Style Staggered
Hardware: Nikkel/krom
Strenge: Fender USA, NPS, (.010-.046 Gauges)
Inkl. Deluxe Blonde Hardshell case
","eric-johnson-signature-stratocaster-thinline-2-color-sunburst.jpeg",18649,17999,6,2,1,"2023-10-17 07:38:54","2023-10-17 07:38:54"
7,576745,"Slash Firebird Premium Outfit","slash_firebird_premium_outfit","El-guitar Limited edition Slash Firebird signatur, kun 100 stk. worldwide med Seymour Duncan pickupper.","El-guitar Limited edition Slash Firebird signatur, kun 100 stk. worldwide med Seymour Duncan pickupper.
Epiphone præsenterer en Limited edition Slash Firebird, guitaren er designet af legenden selv og der bliver kun lavet ialt 100 stk. worldwide. Hver af dem bliver personligt nummereret og signeret af Slash, der medfølger desuden Hard case med Slash´s ""Skull & bones"" logo. Guitaren har AAA flammet ahorn top og er monteret med Seymour Duncan Slash pickupper.

Specifikationer
kun 100 stk. worldwide
Skull & Bones logo Hard Case
Seymour Duncan Slash open coil humbuckers
Mahogni krop og hals
Ahorn top
Pau Ferro gribebrædt
Orange drop capacitors
ABR Tune-o-matic and Stopbar","slash-firebird-premium-outfit.jpeg",9949,0,3,3,1,"2023-10-17 07:38:54","2023-10-17 07:38:54"
8,566633,"Sheraton-II PRO CF Wine Red","sheraton-ii_pro_cf_wine_red","El-guitar Semi-hollowbody med krop af ahorn, hals af ahorn/valnød, gribebræt af pau ferro med pearloid- og abaloneindlæg og 2 stk. ProBucker humbucker pickupper.","El-guitar Semi-hollowbody med krop af ahorn, hals af ahorn/valnød, gribebræt af pau ferro med pearloid- og abaloneindlæg og 2 stk. ProBucker humbucker pickupper.
Epiphone Sheraton-II PRO har Epiphones berømte thinline semi-hollowbody electric archtop, og har nu fået utroligt smukke ProBucker pickups med coil-split og Graphtech NuBone XL-sadel. Guitaren fejres af blueslegenden John Lee Hooker og er blevet anerkendt for kombinationen af fantastisk lyd og smukke pearloide og abalone indlæg. Originalen blev så dagens lys i 1959, inspireret af Les Pauls første solidbody - ""The Log"", som Les byggede på Epiphone fabrikken på Manhattan allerede i 1940.

John Lee Hooker beskrev den originale Sheraton-model som en ""out-did 335"", med tanke på de utroligt flotte halsindlæg, den klassiske form, elegante elfenbensbindinger på krop, hals og hoved, og F-hullerne. Den nye Sheraton II har samme profil og er lavet af lamineret ahorn toppet med plekterplade med Epiphones signatur ""E"" og klassiske bindinger.

Epiphone Sheraton-II Pro er udstyret med ProBucker-2 i halsposition og en noget hottere ProBucker-3 i broposition. Begge pickupper har coil-split via individuelle volumekontroller. Coil-splitting gør det muligt at lave en humbucker om til en single-coil, og på den måde åbne op for flere tonale muligheder.","sheraton-II-pro-cf-wine-red.jpeg",5612,0,12,3,1,"2023-10-17 07:38:54","2023-10-17 07:38:54"
9,302744,"John 5 Telecaster Frost Gold","john_5_telecaster_frost_gold","El-guitar med krop af elletræ, ahornhals med gribebræt af rosentræ og to custom humbucker pickupper.","El-guitar med krop af elletræ, ahornhals med gribebræt af rosentræ og to custom humbucker pickupper.
Shredder og riffmester John 5 har nu lagt en Squier-model til sine Fender signature-modeller. Med elletræskrop, custompickupper, matching headstock og slagplade af børstet stål får du en utroligt lækker og velspillende spade til meget få penge. 

Specifikationer 
Body: Alder
Finish: Polyester Finish
Neck: 1-Piece Maple, Modern “C"" Shape, (Gloss Polyester Finish)
Fingerboard: Rosewood 12"" Radius (305mm)
Frets: 22, Medium Jumbo
Scale Length: 25.5"" (648 mm)
Nut Width: 1.650"" (42 mm)
Hardware: Chrome
Tuning Keys: Die-Cast Tuners
Bridge: Tele 6-Saddle Bridge for Humbucking Pickup
Pickguard: Polished Stainless Steel Pickguard
Pickups:
Neck: Custom Humbucking Pickup; AlNiCo II Magnet 
Bridge: Custom Humbucking Pickup; Ceramic Magnet 
3-Position Toggle:
Position 1. Bridge Pickup 
Position 2. Bridge and Neck Pickups 
Position 3. Neck Pickup 
Controls Volume (Bridge Pickup), Volume (Neck Pickup)
Fender Super 250L, (.009 to .042) Nickel Plated Steel
“C"" Shape Maple Neck, Matching Black Painted Headstock,
Bound Top and Back, Toggle Switch Mounted on Upper 
Bout, Chrome Switch Tip, Front Volume Control for Bridge 
Pickup, Rear Volume Control for Neck Pickup, Polished 
Stainless Steel Pickguard, White Dot Position Inlays, Silver 
Squier Logo, Synthetic Bone Nut","john-5-telecaster-frost-gold.jpeg",3499,0,14,4,1,"2023-10-17 07:38:54","2023-10-17 07:38:54"
10,31625,"Affinity Stratocaster MN Black","affinity_stratocaster_mn_black","El-guitar med krop af elletræ, ahornhals, tremolo, 3 singlecoil pickupper og chrome hardware.","El-guitar med krop af elletræ, ahornhals, tremolo, 3 singlecoil pickupper og chrome hardware.
Man skal lede længe efter en bedre deal på en Stratocaster. Med 1960´er hoved, tre singlecoil-pickupper og standard tremolosystem har denne Affinity-serie den helt rigtige vintage feel til den helt rigtige pris. 

Specifikationer Squier Affinity Stratocaster
Krop af elletræ
C-shape ahornhals
Rosentræsgribebræt 9,5"" profil
21 medium jumbobånd
3 Strat singlecoil pickupper
Kontroller: Master volume, tone 1 bridgepickup, tone 2 neckpickup
5-vejs pickupswitch
Synchronous tremolo
Fender støbte, lukkede mekanikker
Krom hardware
1-lags slagplade
Monteret med Fender Super 250L strenge 009-042","affinity-stratocaster-mn-black.jpeg",1499,0,11,4,1,"2023-10-17 07:38:54","2023-10-17 07:38:54"
11,301251,"OM-28E Retro","om-28e_retro","Akustisk/elektrisk western-guitar med East Indian Rosewood krop og dæk i Sitka gran, Hardwood hals med ibenholt gribebræt og Fishman F1 Aura + elektronik.","Akustisk/elektrisk western-guitar med East Indian Rosewood krop og dæk i Sitka gran, Hardwood hals med ibenholt gribebræt og Fishman F1 Aura + elektronik.
OM-28E er en moderne genskabelse af den klassiske Orchestra model. Martin OM-28E Retro er ideel til guitaristen som nyder Fingerstyle teknikker og modellen har et tydeligt vintage-inspireret design, der samtidigt byder på moderne spilbarhed.

Specifikationer
Kropstype: 000-14 Fret
Krop: East Indian Rosewood
Dæk: Sitkagran
Hals: Udvalgt hardwood
Radie: 16""
Gribebræt: Ibenholt
20 bånd
Skala: 25.4""
Stol: Ibenholt
Finish: Gloss, hals Satin
Inkl. Ply Hardshell","om-28e-retro.jpeg",30849,0,3,5,1,"2023-10-17 07:38:54","2023-10-17 07:38:54"
12,11704,"DRS1 Natural","drs1_natural","Akustisk Dreadnought westernguitar med dæk, sider og bund i massiv sapele, gribebræt af richlite og Fishman Sonitone pickup. Inkl. kasse.","Akustisk Dreadnought westernguitar med dæk, sider og bund i massiv sapele, gribebræt af richlite og Fishman Sonitone pickup. Inkl. kasse.
Martin DRS1 markerer en tilbagevenden af Martins Road serie fra 2001. Serien er designet specifikt til de guitarister der søger en hårdfør og billig guitar men som ikke er villige til at gå på kompromis med guitarens klang.

I modsætning til den oprindelige Road serie så er Martin DRS1 udrustet med et massivt dæk. Kroppen er lavet af massivt sapele mens halsen er konstrueret af et multi-laminat ved navn Stratabond. Stratabond fremstilles af hvid birk, som er farvet og lamineret i store blokke, før de bliver skåret i form. Denne proces øger stivheden og stabiliteten hvilket er afgørende for kvaliteten af en guitar hals. gribebrætet og bro er lavet af richlite med stol i corina og en kompenseret saddel udført i tusq. Martin DRS1 er ydermere udrustet med et Fishman Sonitone pickupsystem hvor preampen er strategisk monteret i lydhullet med kontroller for volume og tone.

Selvom sapele hører til de tungere træsorter så er DRS1 stadig en fornøjelse at spille på. Den modificerede ""Low Oval"" halsprofil kombineret med en 43 mm stol giver en kraftig hals som på intet tidspunkt bliver for klodset eller for svær at håndtere. Barre akkorder op og ned på halsen er en leg, og enkelt toner kan man problemfrit spiller op til 16/17 bånd.

Lydmæssigt imponerer Martin DRS1 med en påtrængende, overtonerig og livlig tone. I det dybe område leverer den en kvik og stram bas mens diskanten er lys, klar mens den samtidigt tilføjer en smule sødme til guitarens klang. Prøver man Martin DRS1 vil man bemærke den veldefinerede mellemtone som både gør guitaren velegnet til akkordspil og til diverse former for plekter eller fingerspil. Prisen på guitaren er inkl. kasse.","drs1-natural.jpeg",7549,0,0,5,1,"2023-10-17 07:38:54","2023-10-17 07:38:54"
13,12164,"D-45 Natural","d-45_natural","Akustisk westernguitar i dreadnaught-størrelse med massivt Sitka-grandæk, skalloperet afstivning og krop i massiv rosentræ. Inkl. guitar-kasse.","Akustisk westernguitar i dreadnaught-størrelse med massivt Sitka-grandæk, skalloperet afstivning og krop i massiv rosentræ. Inkl. guitar-kasse.
D-45 er kendt som den fornemste dreadnought på marketdet overhovedet. Samtlige aspekter af instrumentet er i absolut topklasse, og denne guitar må opleves - både visuelt og lydmæssigt - for helt at forstå, hvor god en guitar kan være. 

Standard-serien udgør kernen af Martins produktion. Det er her, du finder de klassiske modeller i alt fra det simple 18-design til den overdådige udsmykning på 45-modellerne. Disse designs fåes i et hav af klassiske Martin-størrelser, som fx. dreadnaught (D), grand concert (000) og auditorium (OM). Det er denne serie, der ligger til grund for Martins pletfri renommé, og guitarerne er blevet spillet på af alle fra Dylan, Young og Lennon til Hendrix, McCartney og Clapton. Hver af disse guitarer repræsenterer både et mesterværk indenfor instrumentbyggeri og en arbejdshest, der bare vil blive bedre og bedre... 

Specifikationer 
Konstruktion: Mahogni blok/Dovetail halssamling 
Krop: D-14
Dæk: Massiv Sitka Gran med abalone indlæg sort/hvid/sort/hvid
Dæk afstivnings mønster: DOM
Afstivnings materiale: Scalloperet 5/16  Sitka
Bund materiale: Massiv Østindisk palisander med abalone indlæg sort/hvid/sort/hvid
Side materiale: Massiv Østindisk Palisander med abalone indlæg sort/hvid/sort/hvid
Hals materiale: Udvalgt Mahogni
Hals form: Low profile
Hoved belægning: Massiv Østindisk Palisander med tryk i Guldfolie
Gribebræt materiale: Massiv Sort Ibenholt
Mensur: 25,4""
Stol materiale: Massiv Sort Ibenholt
Stemmemekanikker: Schaller Chrome med store knapper
Kasse: Hard Shell","d45-natural.jpeg",67199,61999,1,5,1,"2023-10-17 07:38:54","2023-10-17 07:38:54"
14,530813,"J-45 Walnut Burst","j-45_walnut_burst","Akustisk/elektrisk dreadnaught westernguitar med Cutaway, massivt Sitkagran dæk, mahognihals med gribebræt af valnød og LR Baggs Element pickup. Inkl. kasse.","Akustisk/elektrisk dreadnaught westernguitar med Cutaway, massivt Sitkagran dæk, mahognihals med gribebræt af valnød og LR Baggs Element pickup. Inkl. kasse.
J-45 Walnut Avant Garde tilbyder en innovativ, slank krop med rund skulder og cutaway med alle de traditionelle byggeteknikker, der går igen ved hvert eneste Gibson Acoustic produkt. Et massivt Sitka grandæk med traditionel hånd scalloped bracing går her hånd i hånd med en smuk valnød ryg og sider, som giver en fuld og afbalanceret lyd med stor klarhed mellem hver streng.

Specifikationer
Kropsform: Round Shoulder
Dæk: Massiv Sitkagran
Sider og bund: Valnød
Hals: 2-delt Mahogni
Halsprofil: Advanced Response
Gribebræt: Valnød
Radius 16""
Bånd 20
Stemmeskruer: Mini Grover
Finish: Nitrocellulose Lacquer
1/4"" mono udgang
Strenge: 0.053, 0.042, 0.032, 0.024, 0.016, 0.012
Pickupsystem: LR Baggs Element med volume 
Inkl. Hardshell case og Gibson Accessory Kit

Stolt, traditionelt guitarhåndværk findes stadig for dem, der er skeptiske over samlebåndsguitarer fra gigantiske kinesiske fabrikker. I den amerikanske bjergby Bozeman, Montana, har Gibson siden 1989 produceret alle deres akustiske guitarer og mandoliner. Det er Gibson, der gav liv til legender som J-45, SJ-200 og Hummingbird, og Gibson siger selv, at guitarerne fra Bozeman-fabrikken er de bedste akustiske Gibson-modeller i mere end et halvt århundrede. Guitarbyggerne i Bozeman er traditionsbundne håndværkere, der tager deres ansvar alvorligt, og som er stolte over både kvalitet og Gibson-navnet. Orville Gibsons værksted i Kalamazoo i 1890'erne, archtop-guitarens fødested, kan virke fjernt i vores tid, men du kan føle dig tryg og sikker på, at faklen bæres videre i hjertet af Rocky Mountains.","j45-walnut-burst.jpeg",13679,0,2,1,1,"2023-10-17 07:38:54","2023-10-17 07:38:54"
15,549653,"414ce-R","414ce-r","Akustisk/elektrisk Grand Auditorium westernguitar med cutaway, massivt dæk af sitkagran, massive sider og bund af indisk Rosewood, hals av tropisk mahogni med gribebræt af ibenholt og ES 2 pickupsystem. Inkl. kasse.","Akustisk/elektrisk Grand Auditorium westernguitar med cutaway, massivt dæk af sitkagran, massive sider og bund af indisk Rosewood, hals av tropisk mahogni med gribebræt af ibenholt og ES 2 pickupsystem. Inkl. kasse.
Taylor er i dag et ligeså populært og velrenommeret firma som Martin og Gibson, når det kommer til akustiske guitarer. Men i modsætning til disse gamle giganter er Taylor Guitars et nyt foretagende, der blev stiftet i 1974. Når man tænker på på musikeres nærmest religiøse forhold til deres instrumenter (i særdeleshed til akustiske guitarer), så har det været et ekstremt svært marked at kæmpe sig ind på, og det er kun lykkedes p.g.a. én ting: Taylor laver suveræne guitarer. 

De har gjort op med den gammeldags filosofi om, at ""håndlavet altid er bedst"" og benytter udelukkende manuel arbejdskraft dér, hvor de mener, det er den bedste løsning. Til andre dele af produktionen bruger de ultra-præcise, laser-styrede maskiner, der bl.a. er ansvarlige for de meget smukke perlemorsindlæg. Taylor-lyden er sprød og nærværende, håndværket er fejlfrit, og halsene er smalle og moderne, hvilket gør Taylor-guitarer til de mest spillevenlige akustiske guitarer på markedet. Gør som de kendte - spil Taylor! 

Specifikationer
Kropsform: Grand Auditorium med venetiansk cutaway
Dæk: Massiv sitkagran
Sider og bund: Massiv indisk Rosewood
Hals: Tropisk mahogni
Bracing: Performance with Relief Rout
Mensur/skala: 25.5""
Gribebræt: Ibenholt
Bånd: 20
Stemmeskruer: Taylor Nickel
Oversadel: Tusq
Sadel: Micarta
Elektronik: Expression System 2 preamp/piezo pickup
Inkl. Taylor Deluxe Hardshell Brown Case","414ce-r.png",19999,0,4,6,1,"2023-10-17 07:38:54","2023-10-17 07:38:54"
16,519741,"322e 12-Fret","322e_12-fret","Akustisk/elektrisk Grand Concert westernguitar med massivt dæk af tropisk mahogni, masive sider og bund af Tasmanian blackwood, hals af tropisk mahogni med gribebræt af ibenholt og ES 2 pickupsystem. Inkl. kasse.","Akustisk/elektrisk Grand Concert westernguitar med massivt dæk af tropisk mahogni, masive sider og bund af Tasmanian blackwood, hals af tropisk mahogni med gribebræt af ibenholt og ES 2 pickupsystem. Inkl. kasse.
Taylor er i dag et ligeså populært og velrenommeret firma som Martin og Gibson, når det kommer til akustiske guitarer. Men i modsætning til disse gamle giganter er Taylor Guitars et nyt foretagende, der blev stiftet i 1974. Når man tænker på på musikeres nærmest religiøse forhold til deres instrumenter (i særdeleshed til akustiske guitarer), så har det været et ekstremt svært marked at kæmpe sig ind på, og det er kun lykkedes p.g.a. én ting: Taylor laver suveræne guitarer. 

De har gjort op med den gammeldags filosofi om, at ""håndlavet altid er bedst"" og benytter udelukkende manuel arbejdskraft dér, hvor de mener, det er den bedste løsning. Til andre dele af produktionen bruger de ultra-præcise, laser-styrede maskiner, der bl.a. er ansvarlige for de meget smukke perlemorsindlæg. Taylor-lyden er sprød og nærværende, håndværket er fejlfrit, og halsene er smalle og moderne, hvilket gør Taylor-guitarer til de mest spillevenlige akustiske guitarer på markedet. Gør som de kendte - spil Taylor! 

Specifikationer
Kropsform: Grand Concert
Dæk: Massiv tropisk mahogni
Sider og bund: Massiv Tasmanian blackwood
Bracing: Performance with Relief Rout
Hals: Tropisk mahogni
Mensur/skala: 24-7/8""
Gribebræt: Ibenholt
Bånd: 18
Oversadel: Tusq
Stemmeskruer: Classical Gold w/Synthetic Ivory Buttons
Sadel: Micarta
Elektronik: Expression System 2 preamp/piezo pickup
Inkl. Taylor Deluxe Hardshell Brown Case","322e-12-fret.png",17749,0,3,6,1,"2023-10-17 07:38:54","2023-10-17 07:38:54"
17,344738,"LL16 ARE Brown Sunburst","ll16_are_brown_sunburst","Akustisk/elektrisk guitar med dæk af massiv A.R.E behandlet Engelmann gran, sider og bund af rosentræ, mahogni/rosentræhals med gribebræt af Ibenholt og Zero-Impact pickup-system.","Akustisk/elektrisk guitar med dæk af massiv A.R.E behandlet Engelmann gran, sider og bund af rosentræ, mahogni/rosentræhals med gribebræt af Ibenholt og Zero-Impact pickup-system.
L6-serien er modificeret med nyt bracing design (den indvendige afstivning), og lyden er blevet større og kraftigere. Der er kommet Zero-Impact Pickup system i guitaren så man også er klar til optagelse eller live-optræden med forstærkning. Det massive grandæk er A.R.E behandlet (Acoustic Resonance Enhancement), hvilket resulterer i stor og varm vintage lyd fra dag et. A.R.E Acoustic Resonance Enhancement, er en Yamaha patenteret proces der ved at ændre de fysiske egenskaber i træfibre på dækket, giver guitaren lyd som var det fra gammelt ældet træ. Resultatet er en konstruktion der tillader træet at vibrere mere frit med en lyd der indeholder langt flere klangvariationer - som med et ældre vintage instrument.

Specifikationer
Kropstype: Original Jumbo dreadnought Type Body
Dæk af massiv Engelmann gran - A.R.E behandlet (Acoustic Resonance Enhancement)
Sider og bund af massiv Rosentræ
Hals af 5-lags mahogni/palisander, slank design
Stol af Ibenholt
SRT Zero Impact Pickupsystem med individuel piezo elektronik ved hver streng
Inkl. deluxe gigbag","ll16-brown-sunburst.jpeg",7229,0,5,7,1,"2023-10-17 07:38:54","2023-10-17 07:38:54"
18,452497,"B200","b200","5-strenget banjo med poppel block rim, resonator af sapele, bro af purpleheart og ahorn, mahognihals og gribebræt af purpleheart.","5-strenget banjo med poppel block rim, resonator af sapele, bro af purpleheart og ahorn, mahognihals og gribebræt af purpleheart.
Det er tre årtier siden, Ibaniz sidst var i banjobranchen, men nu er de tilbage. Ibanez var meget etablerede banjobyggere, og havde endda en signaturmodel for den fantastiske Earl Scruggs back in the day. Ting ændrer sig, og hair-metal-bands sker (tænk 80'erne), og banjo var pludselig ikke det fedeste instrument, man kunne finde på at spille på. Men vindene er vendt, og folk-instrumenter er mere populære end nogensinde. B200 er top of the line i Ibanez' banjoserie og en skønhed at se på.

Specifikationer
5-strenget banjo
Double Coodinator rod
Poplar block rim
Sapele veneer Resonator
Hals: Mahogany
Gribebræt: Purpleheart
ABS-Multi Resonator binding
Special Acrylic gribebrætindlæg
Chrime friction tuners
22 bånd
Chrome w/etching Armrest
Bro: Purpleheart/ahorn
Chrome clam shell tailpeice
Mensur: 670mm
Radius: Flat (plan)","b200.jpeg",3676,0,2,8,1,"2023-10-17 07:38:54","2023-10-17 07:38:54"
19,572402,"MB-100 Banjo Natural CF","mb-100_banjo_natural_cf","Banjo med mahognikrop, ahornhals, gribebræt af poppel-komposit og Remo-skind.","Banjo med mahognikrop, ahornhals, gribebræt af poppel-komposit og Remo-skind.
Open-back 5-strengs banjo. Et perfekt begynderinstrument.

Specifikationer
Banjo med 5 strenge
Mahognikrop
Remo-skind
Ahornhals
Gribebræt af poppel-komposit
Dot-indlæg
26,25"" skala
Krom hardware","mb-100-banjo-natural.jpeg",1399,1199,3,3,1,"2023-10-17 07:38:54","2023-10-17 07:38:54"
20,334911,"MM-50E Vintage Natural","mm-50e_vintage_natural","Mandolin med dæk af massivt gran, krop i flammet ahorn, ahornhals med Rosewood gribebræt. Legendarisk ""F-Style"" model med indbygget Quad NanoMag pickup system.","Mandolin med dæk af massivt gran, krop i flammet ahorn, ahornhals med Rosewood gribebræt. Legendarisk ""F-Style"" model med indbygget Quad NanoMag pickup system.
MM-50E er en professionel mandolin der kombinerer innovation og klassisk design, som man også forventer af en Epiphone mandolin. MM-50E er den første mandolin, hvor det er muligt at justere udgangsniveauet for hver enkelt strenge par, hvilket løser mange problemer med ubalance når instrumentet er forstærket op. Funktioner der kombineret med den klassiske Lloyd Loar æra F-Style kropsform og hals, gør MM-50E til et one-of-a kind instrument.

Specifikationer
Massivt sitka gran dæk
Krop i flammet ahorn
Ahorn hals
14"" Mensur
Rosewood gribebræt
Pickup: Quad NanoMag justerbar
Kontroller: Master Volume, Treble, Bass, 4 individuelle strenge niveau trim potentiometre
Nickel hardware","mm50E-vintage-natural.jpeg",5219,0,1,3,1,"2023-10-17 07:38:54","2023-10-17 07:38:54"
21,360118,"Ukulele Solid Pink","ukulele_solid_pink","Ukulele i Sopran størrelse.","Ukulele i Sopran størrelse.
Ukulelen er et sjovt og let spilbart strengeinstrument. Ukulelen, trods sin størrelse, er særdeles velegnet for både unge og ældre, og er ideel til skoler og musikalsk gruppeundervisning. Nogle mennesker tror måske, at ukulelen er et stykke legetøj, men det er den absolut ikke, og specielt i de senere år har ukulelen vundet større og større indpas på den professionelle musikalske scene.

Specifikationer
Top, bund og sider af lamineret lindetræ
Hals af basswood
Bro og saddel af ABS
Open geared stemmemekanikker
12 bånd
Scale 345mm","ukulele-solid-pink.jpeg",229,0,25,9,1,"2023-10-17 07:38:54","2023-10-17 07:38:54"
22,567088,"UKCB-S","ukcb-s","Sopran ukulele med krop af udvalgt Sapele ædeltræ med smukke bindinger.","Sopran ukulele med krop af udvalgt Sapele ædeltræ med smukke bindinger.
Highlights
Hals af nato
Limet og skruet stol
Kvalitets strenge
Lidt buet bagside
Flotte bindinger
Kvalitets indkapslede stemmemekanikker","ukcb-s.jpeg",549,0,13,10,1,"2023-10-17 07:38:54","2023-10-17 07:38:54"
23,551247,"American Original 70s Jazz Bass MN Natural","american_original_70s_jazz_bass_mn_natural","El-bas med krop af ask, polyuretanlak, ahorn hals med 70s “U”-profil, Rosewood gribebræt og 2 x Pure Vintage ‘75 Jazz Bass pickupper. Inkl. hardcase.","El-bas med krop af ask, polyuretanlak, ahorn hals med 70s “U”-profil, Rosewood gribebræt og 2 x Pure Vintage ‘75 Jazz Bass pickupper. Inkl. hardcase.
Fenders American Original-serie består af ikoniske Fender-modeller som er specifikke for henholdsvis 50', 60' og 70'erne. Modellerne har pickupper som er lavet med samme metoder som originalerne, og som fanger særpræget til hvert af de respektive tiår. Dette gælder også halsprofilerne! Alle American Original-modeller har nitrocelluloselak som lader træet ånde, og som gør at instrumentet bare vil se flottere ud med alderen. Selv om guitarerne er tydeligt vintage-orienterede, er de opdaterede med moderne gribebrætradius, vintage tall-bånd og andre detaljer som får dem til at føles naturlige for moderne guitarister.

American Original 70s Jazz Bass
Instrumentet som introducerede slapping, funk og disco - Fenders Jazz Bass fra 70'erne. American Original 70s Jazz Bass er udstyret med periodekorrekte specs som komplementeres af en del moderne tilpasninger. Denne bas har krop af ask, polyuretan-lak som på originalen fra 70'erne, fyldig ahornhals med 70'er “U”-profil, gribebræt af ahorn med moderne 9.5” radius. Fender Pure Vintage ‘75 Jazz Bass pickupper og periodekorrekt hardware. Leveres i hardcase.

Specifikationer
Kropsform: Jazz Bass
Krop: Ask
Finish: Gloss Urethane
Oversadel: Ben
Oversadelbredde: 37.46 mm
Truss Rod: Vintage-Stylet, Vintage-style slotted
Skalalængde: 34"" / 864 mm
Gribebræt: Ahorn
Gribebræt radius: 9.5” / 241 mm
Indlæg i gribebræt: Pearloid Blocks
Antal bånd: 20 Vintage Tall
Hals: Ahorn
Halsprofil: 1975 ""U""
Stemmeskruer: Pure Vintage '70s with Fender® Logo
Bro: 4-Saddle Pure Vintage '70s with Single Groove Saddles
Pickupper: 2 x Pure Vintage '75 Single-Coil Jazz Bass
Kontroller: Vol 1, Vol 2, Master Tone
Hardware finish: Nikkel/krom
Strenge: Fender USA Bass 7250M, NPS (.045-.105 Gauges)
Inkl. Vintage-Style Hardshell Case","american-original-70s-jazz-bass-natural.jpeg",17099,0,4,2,1,"2023-10-17 07:38:54","2023-10-17 07:38:54"
24,526011,"Jazz Bass PF Black","jazz_bass_pf_black","El-bas med krop af elletræ, ahornhals med gribebræt af Pau Ferro med 7.5"" radius, og Vintage-Style Jazz Bass single-coil pickupper. Inkl. Deluxe gigbag.","El-bas med krop af elletræ, ahornhals med gribebræt af Pau Ferro med 7.5"" radius, og Vintage-Style Jazz Bass single-coil pickupper. Inkl. Deluxe gigbag.
Fender Jazz Bass-modellen blev introduceret i 1960, og har siden den gang vokset sig ind i rollen som et af verdens mest brugte instrumenter. Fender 60s Jazz Bass i Classic-serien har en tynd, komfortabel hals og autentiske Jazz Bass single-coil pickupper.

Mexico Classic-serien blev lanceret i slutningen af 90'erne med tanke på dem som ønskede sig en bas med udseende og følelsen af en vintage Fender uden at bruge vanvittige summer. Serien genskaber Fender-klassikere fra 50, 60 og 70'erne med de egenskaber som var unike for hvert tiår.

Specifikationer 
Konstruktion: Bolt-on
Mensur/skala: 34 ""
Krop: Elletræ
Hals: Ahorn
Halsprofil: “C”
Gribebræt: Pau ferro
Radius: 7.25”
Bånd: 20 Vintage-style
Overadel: Syntetisk ben, 1.5”
Bro: Vintage-Style 4-Saddle
Pickupper: 2 x Standard Vintage Alnico Magnet Single-Coil Jazz Bass
Hardware: Krom
Produktionsland: Mexico
Inkl. Deluxe gigbag

Fender nu med gribebræt af Pau Ferro.
Pau Ferro, også kendt som “jerntræ” eller “Bolivian Rosewood”, er en sydamerikansk træsort med egenskaber som ligner palisander (Rosewood), men som er noget lysere i farven. Pau Ferro er blandt andet brugt i Fenders Custom-basser og Stevie Ray Vaughans signaturmodel.

Fenders Mexico-modeller har fra 2017 Pau Ferro i gribebrættet i stedet for Rosewood, en ændring som skyldes de nye internationale CITES-regler som trådte i kraft den 2. januar 2017. Disse regler værner om truede træsorter som Rosewood og forhindrer illegal handel, men en konsekvens er at det nu kan tage længere tid at importere guitarer lavet med lovlig Rosewood. Guitarer lavet med Pau Ferro vil ikke påvirkes af CITES-kontroller, og har derfor kortere leveringstid.
","jazz-bass-pf-black.png",9049,8499,8,2,1,"2023-10-17 07:38:54","2023-10-17 07:38:54"
25,526955,"American Elite Jazz Bass V EB Ocean Turquoise","american_elite_jazz_bass_v_eb_ocean_turquoise","El-bas 5-strenget med krop af elletræ, ahornhals med Modern ""C"" - ""D"" Compound-profil, ibenholt gribebræt og 2 stk. 4th Generation Noiseless-pickupper. Inkl. Fender Elite Molded TSA-kasse.","El-bas 5-strenget med krop af elletræ, ahornhals med Modern ""C"" - ""D"" Compound-profil, ibenholt gribebræt og 2 stk. 4th Generation Noiseless-pickupper. Inkl. Fender Elite Molded TSA-kasse.
American Elite Jazz Bass er en aktiv 5-strenget bas, designet for professionelle moderne bassister med høje krav til alsidighed, teknologiske nyheder, tidløst Fender-design og top spillekomfort.

American Elite-serien blev født af lidenskab som findes i bassister på ethvert niveau, altid søgende efter nye kreative udtryksformer. American Elite er ikke bare et nyt navn på allerede kendte egenskaber. Det markerer introduktionen af instrumenter i klassisk Fender-tradition, opgraderet med de forbedringer, teknologiske nyskabelser og muligheder, som kan forventes af en professionel guitar i det 21. århundrede. 

Hele serien er opgraderet med 4. generation af Fenders Noiseless pickups som er den heftigste pickup-teknologi Fender kan tilbyde. En ny 18V preamp bidrager til endnu mere power, forbedret signalkvalitet, større headroom og reduceret støj. 

Bassen har en hals med compound radius (9.5”-14”). Profilen starter som Modern ""C"" ved sadlen, og formes gradvist til en ""D""-profil nede ved halsmonteringen, et design udviklet for maksimal spillekomfort over hele registeret. En HiMass Vintage-bro giver øget attack, resonans, punch og sustain, og tillader både string-thru og top load-strengemontering. Leveres i en Elite Molded Case med TSA-låse.

Specifikationer
Type: Jazz Bas
Krop: Elletræ
Hals: Ahorn
Halsprofil: Compound Modern ”C” til ”D”
Mensur: 34”
Gribebræt Ibenholt
Radius: 9.5”-14” Compound
Bånd: 21 Medium Jumbo
Sadel: Ben
Pickups: 2 stk. New 4th Generation Noiseless
Kontroller: Master Volume, Pan Pot, Treble Boost/Cut, Midrange Boost/Cut, Bass Boost/Cut, Active/Passive Mini Toggle
Øvrigt elektronik: 18v preamp med aktiv 3-bånds EQ
Bro: 5-Saddle HiMass Vintage
Stemmemekanik: Fender ""F"" Light-Weight Vintage-Paddle
Strenge: Fender USA NPS .45 - .125
Made in the USA","elite-jazz-bass-ocean.jpeg",18649,0,2,2,1,"2023-10-17 07:38:54","2023-10-17 07:38:54"
26,581972,"Thunderbird Bass 2019 Vintage Sunburst","thunderbird_bass_2019_vintage_sunburst","El-bas med mahognikrop, gennemgående hals af mahogni/valnød, Rosewood gribebræt, og T-Bird pickupper. Inkl. Hard Shell Case.","El-bas med mahognikrop, gennemgående hals af mahogni/valnød, Rosewood gribebræt, og T-Bird pickupper. Inkl. Hard Shell Case.
Thunderbird er i lighed med Gibson Firebird designet af den amerikanske bildesigner Ray Dietrich, og blev introduceret for første gang i 1963. Thunderbird har i 2019 gennemgående neck-thru halskonstruktion af mahogni og valnød, reversed headstock, Rounded-profil og gribebræt af Rosewood, i tillæg til Gibson T-Bird pickupper.

Specifikationer
Kropsform: Thunderbird Bass
Krop: Mahogni
Bindinger: Ingen
Hals: 9-lag mahogni/valnød
Halsprofil: Rounded
Oversadel: Tektoid
Oversadelbredde: 1.50”
Gribebræt: Rosewood
Indlæg: Acrylic Dots
Skalalængde: 34”
Antal bånd: 20
Bro: 3-Point Adjustable
Knapper: Black Top Hats with Silver Inserts
Stemmeskruer: Grover Bass Keys
Hardware plating: Svart krom
Halspickup: Rhythm T-Bird
Bridge pickup: Lead T-Bird
Kontroller: 2 x volume, Master Tone
Kasse/bag: Hard Shell Case (inkluderet)

Gibson USA
Det er Gibson USA-fabrikken i Nashville, Tennessee, som producerer Gibsons elektriske solid body-guitarer. Fabrikken startede op i 1974 med produktion af alle Les Paul-modeller, og senere blev al solid-body produktion og selve Gibson hovedkontoret flyttet samme sted hen da den gamle fabrik i Kalamazoo lukkede.
","thunderbird-bass-2019.jpeg",17629,0,7,1,1,"2023-10-17 07:38:54","2023-10-17 07:38:54"
27,582758,"Stingray Special 4 H Jet Black","stingray_special_4_h_jet_black","El-bas med krop i ask, Roasted ahorn hals med ibenholt gribebræt, Humbucker pickup med Neodymium magneter, aktiv elektronik med 3-bånds EQ.","El-bas med krop i ask, Roasted ahorn hals med ibenholt gribebræt, Humbucker pickup med Neodymium magneter, aktiv elektronik med 3-bånds EQ.
Music Man Stingray 4 H er optimeret og moderniseret med en Select Roasted Maple hals og ny forbedret elektronik med mere output og headroom. Stingray Special 4 H leverer nu alt fra moderne punch til klassisk vintage lyd bedre end nogensinde før. Nydesignede letvægt stemmeskruer har skabt en mere afbalanceret hals, samtidig med at de giver ultra pålidelig stemmestabilitet. Da Music Man med Leo Fender i spidsen i midten af 70'erne først introducerede StingRay modellen, blev den øjeblikkeligt en favorit blandt bassister verden over. Det var den første bas i produktionen, der havde aktiv elektronik og den karakteristiske 3+1 stemmemekanik konfiguration. Siden er StingRay konstant blevet forbedret og perfektioneret.","stingray-special-black.jpeg",19295,0,3,11,1,"2023-10-17 07:38:54","2023-10-17 07:38:54"
28,542193,"GS MINI-e BASS","gs_mini-e_bass","Akustisk/elektrisk bas med massivt dæk af sitkagran, lamineret sider og bund af sapele, sapelehals med gribebræt af ibenholt og ES-B pickupsystem. Inkl. Hard Bag.","Akustisk/elektrisk bas med massivt dæk af sitkagran, lamineret sider og bund af sapele, sapelehals med gribebræt af ibenholt og ES-B pickupsystem. Inkl. Hard Bag.
Lille 4-strenget basguitar i det populære og rejsevenlige GS Mini-format. GS Mini er inspireret af den større GS-model, men i nedskaleret version som ikke er gået ud over lyden. Du får masser af klang i et instrument som er let at håndtere og sjovt at spille på.

Taylor er i dag et ligeså populært og velrenommeret firma som Martin og Gibson, når det kommer til akustiske guitarer. Men i modsætning til disse gamle giganter er Taylor Guitars et nyt foretagende, der blev stiftet i 1974. Når man tænker på musikeres nærmest religiøse forhold til deres instrumenter (i særdeleshed til akustiske guitarer), så har det været et ekstremt svært marked at kæmpe sig ind på, og det er kun lykkedes på grund af én ting: Taylor laver suveræne guitarer. 

De har gjort op med den gammeldags filosofi om, at ""håndlavet altid er bedst"" og benytter udelukkende manuel arbejdskraft dér, hvor de mener, det er den bedste løsning. Til andre dele af produktionen bruger de ultra-præcise, laser-styrede maskiner der bl.a. er ansvarlige for de meget smukke perlemorsindlæg. Taylor-lyden er sprød og nærværende, håndværket er fejlfrit, og halsene er smalle og moderne, hvilket gør Taylor-guitarer til nogle af de mest spillevenlige akustiske guitarer på markedet. Gør som de kendte - spil Taylor! 

Specifikationer
Kropsform: GS Mini
Dæk: Heltre sitkagran
Sider: Lamineret sapele
Bund: Lamineret sapele
Bracing: GS Mini w/ Relief Route
Skalalængde: 23-1/2""
Hals: Sapele
Halsbredde: 1-11/16""
Gribebræt: Ibenholt
Bånd: 20
Indlæg i gribebræt: 4mm Dot Italian Acrylic
Stemmeskruer: Die-Cast Chrome
Strenge: D’Addario EXP PBB190GS
Oversadel: NuBone
Sadel: Micarta
Elektronik: ES-B preamp/pickup
Inkl. GS Mini Hard Bag","gs-mini-e-bass.png",5999,0,0,6,1,"2023-10-17 07:38:54","2023-10-17 07:38:54"
29,556655,"Bc 62-SW 5 med LR Baggs Anthem SL","bc_62-sw_5_med_lr_baggs_anthem_sl","Femstrenget akustisk/elektrisk jumbobas med cutaway, dæk af sitkagran, krop af valnød, gribebræt af ibenholt og L.R. Baggs-system.","Femstrenget akustisk/elektrisk jumbobas med cutaway, dæk af sitkagran, krop af valnød, gribebræt af ibenholt og L.R. Baggs-system.
Furch Bc 62-SW 5 er en femstrenget akustisk/elektrisk bas, designet til at levere en helt superb sound. Dækket har et specielt designet lydhul, der forstærker responsen i de dybe frekvenser. Kombinationen af et dæk i sitkagran og sider og bund i sort valnød, giver en perfekt tonal balance. 

Bassen leveres med et L.R. Baggs Anthem SL-system med både piezo- og kondensatormikrofon for en meget dynamisk og naturtro sound.

Specifikationer
Dæk: Solid sitkagran
Sider og bund: Solid sort valnød
Hals: Mahogni
Bredde ved saddel: 45 mm
Mensur/skala: 860 mm
Gribebræt: Ibelholt
Mekanik: Black Chrome
Pickup: L.R. Baggs Anthem SL med piezo- og kondensatormikrofon","bc-62-sw.jpeg",14965,0,4,12,1,"2023-10-17 07:38:54","2023-10-17 07:38:54"
30,579594,"CB-60SCE LR Natural","cb-60sce_lr_natural","Akustisk/elektrisk bas med massivt grandæk, lamineret sider og bund af mahogni, cutaway concert-form og Fishman Classic Design pickupsystem.","Akustisk/elektrisk bas med massivt grandæk, lamineret sider og bund af mahogni, cutaway concert-form og Fishman Classic Design pickupsystem.
CB-60SCE er en akustisk basguitar med cutaway og krop i Concert-størrelse, massivt grandæk, sider og bund af mahogni og Fenders Easy-To-Play halsprofil. Dette er en super ‘go-to’ bas i akustiske jam-sammenhænge, men har også et fleksibelt integreret pickupsystem fra Fishman som lader dig tilslutte forstærker/PA-system!

Specifikationer
Kropsform: Concert Cutaway
Dæk: Massivt gran
Sider og bund: Lamineret mahogni
Bracings: Skalloperet “X”
Hals: Mahogni
Halsprofil: Fender Easy-To-Play
Mensur/skala: 32” (813 mm)
Gribebræt: Laurel
Radius: 12” (305 mm)
Bånd: 22 Vintage Style
Oversadel: 43 mm, plast
Truss Rod: 2-vejs
Bro: Rosewood
Stemmeskruer: Støbt, krom
Elektronik: Fishman Classic Design pickup/preamp med volumekontrol","cb-60SCE-natural.jpeg",2449,0,5,2,1,"2023-10-17 07:38:54","2023-10-17 07:38:54"
31,565450,"SJB5F CF Natural Satin","sjb5f_cf_natural_satin","Akustisk/elektrisk jumbo bas med dæk af massiv gran, sider og bund af mahogni, mahognihals med gribebræt af Ovangkol og Fishman Isys+ pickup system.","Akustisk/elektrisk jumbo bas med dæk af massiv gran, sider og bund af mahogni, mahognihals med gribebræt af Ovangkol og Fishman Isys+ pickup system.
Der er ikke mange, der ved det, men Cort er verdens største producent af guitarer og basser. Firmaet, der har fabrikker i Korea, Indonesien og Kina, laver ikke bare instrumenterne, der sælges under eget navn, men det er også dem, der producerer de billigere guitarer, basser, ja, sågar forstærkere for firmaer, som Fender, Ibanez, Lakland, G&L, Washburn og mange flere. Sådan en position får man ikke, hvis man ikke leverer varen, og Cort har da også altid leveret ren kvalitet til meget små priser. Ser man på deres dyrere modeller, forbavses man over det høje niveau af håndværk, og celebre musikere, som Larry Coryell, Hiram Bullock og T.M. Stevens har kastet deres kærlighed på Cort. Synes du, det lyder fristende? Det kan være, du spiller på en Cort uden at vide det… 

Cort akustiske basser er fremstillet af nøje udvalgte træsorter og udstyret med aktivt pickupsystem. Basserne leverer en stor tone ved akustisk brug og fungerer optimalt elektrisk med det indbyggede pickupsystem.

Specifikationer
Konstruktion: Dovetail
Cutaway: Venetian Cutaway
Krop: Acoustic Bass Deep Body Depth (110x135mm)
Dæk: Massiv gran
Sider: Lamineret mahogni
Bund: Lamineret mahogni
Bindinger: Multi
Hals: Mahogni
Gribebræt: Ovangkol
Indlæg i gribebræt: Dots
Skalalængde: 34""
Stol: Ovangkol
Elektronik: Fishman Isys Plus Preamp med Sonicore pickup
Strenge: D'Addario YB-PBB 170 Strings
Bracing: Advanced Scalloped X-Bracing
Inkl. gigbag
","SJB5F-CF-natural-satin.jpeg",3532,0,7,13,1,"2023-10-17 07:38:54","2023-10-17 07:38:54"
32,482055,"NP-12 Piaggero Black","np-12_piaggero_black","Begynderklaver i slankt design med 61 anslagsdynamiske tangenter. 64 toners polyfoni, 10 forskellige lyde og indbyggede højttalere.","Begynderklaver i slankt design med 61 anslagsdynamiske tangenter. 64 toners polyfoni, 10 forskellige lyde og indbyggede højttalere.
Med det slanke design og 61 anslagsfølsomme tangenter laver Yamaha et begynderklaver, der er både stilfuldt og funktionelt på samme tid. Der er lagt vægt på en simpel brugerflade, der kun rummer det mest nødvendige. Det udelukker dog ikke, at du finder 10 forskellige lyde og en række indstillingsmuligheder, der gør instrumentet meget alsidigt. Tangentanslaget er gradvis vægtet, hvilket dækker over forskellen i tangentmodstanden ved anslag af høje og lave toner.  

Highlights
61 anslagsfølsomme tangenter
64 toners polyfoni
10 valgbare lyde og rumklangseffekt
Metronom og tune/transpose funktion
Indbygget 2 x 6W højttalersystem (12cm x 6cm) x 2
Mulighed for batteridrift
MIDI ind- og udgang
USB TO HOST terminal
Hovedtelefonudgang
Auto-sluk funktion
Leveres inklusive strømforsyning
Dimensioner 1036 x 105 x 259 mm
Vægt 4.5 kg","np-12-piaggero-black.jpeg",1399,0,25,7,1,"2023-10-17 07:38:54","2023-10-17 07:38:54"
33,148995,"SV1 73 Black","sv1_73_black","Stage Vintage Piano med 73 tangenters RH3 vægtede hammermekaniker.","Korg Stagepiano
Stage Vintage Piano med 73 tangenters RH3 vægtede hammermekaniker.
Stage Vintage Piano SV-1, tilbyder en fantastisk opsætning af de mest anerkendte og anvendte elektriske og akustiske pianoer, clavinetter, orgler samt  strygerlyde og synths. Hver lyd er en detaljeret og autentisk genskabning med hele det dynamiske omfang og udtryk, som er synonymt med originalinstrumentet. SV-1 indeholder desuden præcis de effekter, forstærkere og højtalerkabinetter, som gav disse lyde deres unikke karakter - alt indpakket i et skønt vintage-design med et overskueligt og brugervenligt interface. Her findes alle de elpianoer, du behøver. Den akustiske pianodel indeholder bl.a. både tyske og japanske flygelgiganter, et opretstående piano samt et japansk elektro-akustiskt piano, populært i slutningen af 70’erne indtil midten af 80’erne. Alle disse lyde er selvfølgelig samplet i flere dynamiske trin. Orgeldelen inkluderer flere varianter af et klassisk tonehjulsorgel, de mest kendte engelske og italienske combo-orgler og et unikt rørdrevet orgel. 

Clavinet-delen indeholder flere forskellige toneopsætninger plus et andet instrument fra samme producent. Du finder endda båndbaserede og analoge strygere, kor og et antal fede analoge syntlyde. Dette er bare en smule af, hvad SV-1 har at tilbyde. Korg har ikke sparet på noget for at tilbyde de bedste og mest autentiske lyde sammen med den bedste spilbarhed, som kan opdrives i dag. SV-1 Stage Vintage er udstyret med Korgs bedste vægtede hammermekanik (RH3) og findes med 73 eller 88 tangenter. Stativ og gigbag findes som tilvalg.

Highlights Korg SV1 73
36 sounds, 6 banks × 6 variationer, samt 8 favoritpladser
Lydudgange: L, R, 2 × XLR, og L/Mono, R, 2 × 1/4"" jack samt hovedtelefonsudgang
Indgange: L/Mono, R, USB Type B MIDI in / out, Damper-pedal: Korg DS-2H sustain-pedal (medfølger) og Pedal 1: Footswitch, pedal 2: Volume/expression 
Inkluderet tilbehør: netkabel, brugsanvisning, nodestativl samt Korg DS-2H sustain-pedal
Bonus software: SV-1 Editor (Windows / Mac)
Ekstra tilbehør (ikke inkl.) : Taske og stativ, XVP-10 volume-/expression-pedal, EXP-2 volume-/expression-pedal samt PS-100 footswitch-pedal.



","SV1-73-black.jpeg",10099,0,17,14,1,"2023-10-17 07:38:54","2023-10-17 07:38:54"
34,565728,"Piano 4","piano_4","Stage Piano med 88 Triple Sensor Virtual Hammer Action tangenter med vægtet dynamisk kontrol og adgang til over 1000 kvalitets samplede instrumenter. Kompatibelt med Nord Piano Library og Nord Sample Library.","Stage Piano med 88 Triple Sensor Virtual Hammer Action tangenter med vægtet dynamisk kontrol og adgang til over 1000 kvalitets samplede instrumenter. Kompatibelt med Nord Piano Library og Nord Sample Library.
Nord Piano 4 indeholder fantastiske performance funktioner som Seamless Transitions, dedikerede klaverfiltre og Split Point Crossfades som giver et live-fokuseret instrument med enestående klaver følelse. Når man skifter lyd på Nord Piano 4 har den glidende overgange som gør at lydene skifter gradvist uden ophold. Man kan kombinere 2 lyd-afsnit i lag eller med split. Der findes 7 split-punkter med Crossfade-funktionalitet, der udglatter overgangene mellem de to splitpunkter.  

Nord Piano er et dedikeret Stage Piano med 88 vægtede tangenter med Triple Sensor Virtual Hammer Action Technology. Disse eksklusive Nord tangenter simulerer hammer bevægelser i et Grand Piano med enestående autenticitet og dynamisk respons. Keyboardets Triple Sensor teknik gør det muligt at analysere tangenternes bevægelser med utrolig høj præcision, hvilket gør det muligt at spille mere dynamisk med en forbløffende kontrol, uanset anslagsstyrke. ","piano4.jpeg",18250,16499,6,15,1,"2023-10-17 07:38:54","2023-10-17 07:38:54"
35,595579,"FP-10 Black","fp-10_black","Kompakt og letvægts stagepiano med 88 PHA-4 vægtede tangenter med Escapement og Ivory Feel, Bluetooth, SuperNATURAL piano lydprocessor, indbygget højttalersystem.","Kompakt og letvægts stagepiano med 88 PHA-4 vægtede tangenter med Escapement og Ivory Feel, Bluetooth, SuperNATURAL piano lydprocessor, indbygget højttalersystem.
Når inspirationen er over dig, så tag plads ved et af Rolands berømte FP-serie pianoer; her basismodellen FP-10. Dette prisbillige digitalpiano er altid ”kampklar”, med en autentisk spillefornemmelse på det 88-tangenters PHA-4 Standard klaviatur med Escapement og Ivory Feel. Spil med de udtryksfulde SuperNATURAL klaverlyde via de indbyggede højttalere eller hovedtelefoner. Med sit transportable, pladsbesparende design, er FP-10 det ideelle instrument til brug i hjemmet, uanset om du øver teknikker i dit soveværelse eller giver koncerter i stuen. Bluetooth-forbindelse og smarte integrerede funktioner gør, at instrumentet tilbyder en anden funktionalitet end andre digitale modeller til denne pris.

Highlights
Overtonerig og responsiv lyd fra Rolands berømte SuperNATURAL Piano lyde
88-key hammer-action tangenter i et kompakt kabinet
PHA-4 Standard klaviatur der giver en autentisk klaverfornemmelse med maksimale udtryksmuligheder
15 lyde, 96 toners polyfoni
Hovedtelefonudgang og ”stille” klaviatur, der gør at du kan spille når som helst uden at forstyrre andre
Indbyggede højttalere der gengiver dit spil med en udtryksfuld lyd
Indbygget Bluetooth MIDI/USB MIDI interface så du kan tilslutte til Garageband, computere, DAW software
Rolands Piano Partner 2 app gør, at du nemt vælger lyd, starter metronomen m.m. fra din smartphone
Twin Piano Mode er den ideelle løsning til klaverundervisning, så elev og lærer kan spille side om side i de samme oktaver
Dimensioner 1,284 x 258 x 149 mm
Vægt 12,3 kg
","FP-10-black.jpeg",3990,0,4,16,1,"2023-10-17 07:38:54","2023-10-17 07:38:54"
36,322018,"MPK249","mpk249","MIDI-controller og keyboard med 49 semi-vægtede anslagsfølsomme tangenter, aftertouch, 16 drumpads, 8 dreje- og 8 skyde-controllers.","MIDI-controller og keyboard med 49 semi-vægtede anslagsfølsomme tangenter, aftertouch, 16 drumpads, 8 dreje- og 8 skyde-controllers.
MPK-serien byder på et slankt design, RGB baggrundsbelyste trigger pads, og 20-tegns LCD-skærm med overskuelig og stor parameter oversigt. MPK249 kan sende Qwerty-style kommandoer og man får en imponerende række af knapper, drejeknapper og tromme pads som gør det til en leg at arbejde med musik på computer. MPK leveres med en softwarepakke indeholdende bl.a. Ableton Live Lite og MPC Essentials - et samplebaseret groove produktion program, samt spectral morphing synth Twist fra SONiVOX. ","MPK249.jpeg",2799,0,8,17,1,"2023-10-17 07:38:54","2023-10-17 07:38:54"
37,512892,"LPK 25 Wireless","lpk_25_wireless","USB MIDI-minikeyboard med 25 anslagsdynamiske tangenter, trådløs Bluetooth MIDI for iOS og Mac OS X, arpeggiator og 4 hukommelsespladser.","USB MIDI-minikeyboard med 25 anslagsdynamiske tangenter, trådløs Bluetooth MIDI for iOS og Mac OS X, arpeggiator og 4 hukommelsespladser.
LPK25 Wireless er et ultra kompakt trådløst (for iOS og Mac OS X) USB MIDI-keyboard designet for musikere, producenter og DJs som vil have sit musikværktøj med over alt. Med trådløs MIDI over Blueotooth og batteridrift kan du fortsætte arbejdet i bussen eller på stranden, noget som gør LPK-designet endnu mere flexibelt end tidligere. Keyboardspillere som ønsker at arbejde med software på bærbare computere får her et klaviatur som ikke er større end at det kan transporteres i tasken til den bærbare. Det lille keyboard har 25 anslagsfølsomme mini-tangenter, oktav op/ned, sustain og tap-tempo. En indbygget arpeggiator gør det enkelt at skabe nye melodiske ideer, og fire hukommelsesbanker sikrer enkel adgang til gemte indstillinger for de enkelte funktioner. Kan køre trådløst af AA-batterier i op til 12 timer.","LPK25-wireless.jpg",569,0,11,17,1,"2023-10-17 07:38:54","2023-10-17 07:38:54"
38,585694,"Fire","fire","Dedikeret hardware-controller til FL Studio med 4 x 16 anslagsdynamiske RGB pads, 4 berøringsfølsomme knapper, transportkontroller. Inklusive FL Studio Fruity Fire Edition.","Dedikeret hardware-controller til FL Studio med 4 x 16 anslagsdynamiske RGB pads, 4 berøringsfølsomme knapper, transportkontroller. Inklusive FL Studio Fruity Fire Edition.
FIRE er verdens første dedikerede controller til FL Studio. FIRE, som er produceret i tæt samarbejde med softwareproducenten Image-Line, er smart, ultra-bærbar og konstrueret med fokus på workflow og minutiøst kontrol over FL Studio's kernefunktioner. Controlleren gør det muligt at få mest muligt ud af FL Studios kritikerroste produktions egenskaber. ","akai-fire.jpeg",1499,999,2,17,1,"2023-10-17 07:38:54","2023-10-17 07:38:54"
39,525763,"Seaboard BLOCK","seaboard_block","MIDI-controller og keyboard med 5-dimensionel berøringsoverflade. 24 tangenter, trådløs over Bluetooth. Inkl. software NOISE, Ækvator Player, BLOCKS Dashboard og MaxMSP.","MIDI-controller og keyboard med 5-dimensionel berøringsoverflade. 24 tangenter, trådløs over Bluetooth. Inkl. software NOISE, Ækvator Player, BLOCKS Dashboard og MaxMSP.
Seaboard BLOCK er et revolutionerende MIDI-keyboard, hvor tangentspillere kan få et helt nyt niveau af udtryksmuligheder, takket være keyboardets fem-dimensionale berøringsflade. Ved at spille på disse unikke ""tangentbølger"" former man lyden gennem intuitive berøringer, som ved at slå til tangenten, trykke den ned, lave vibrato med fingeren på samme måde som på en streng, løfte fingeren, glide fra venstre til højre eller op og ned. Roli Seaboard BLOCK kan nemt parres med andre Block produkter eller flere Seaboard Block takket være sine magnetiske DNA kontakter.","seaboard-block.jpeg",2090,0,13,18,1,"2023-10-17 07:38:54","2023-10-17 07:38:54"
40,479621,"microKEY2-49","microkey2-49","MIDI-keyboard med 49 Natural Touch mini tangenter og USB bus-powered tilslutning. Inkl. software og rabatkoder fra Korg.","MIDI-keyboard med 49 Natural Touch mini tangenter og USB bus-powered tilslutning. Inkl. software og rabatkoder fra Korg.
Du behøver bare et enkelt USB-kabel mellem keyboard og Mac/Win, iPad og iPhone, og du er klar til at spille på softwareinstrumenter som KORG Gadget, KORG Module, GarageBand, eller ethvert andet MIDI-kompatibelt musikprogram. microKEY2 er et perfekt valg til den bærbare til indspilning og kontrol af dit musik software.

Med keyboardet medfølger en softwarepakke i form af en software licens kupon og instruktion om download. Apps for iPad/iPhone: Korg Gadget Le, Korg Module Le for iPad og Korg Module Le for iPhone. Software for Mac/Windows: Korg M1 Le, Lounge Lizard Session, Ultra Analog Session, Applied Acoustics Systems Strum Session, Reason Limited og UVI Digital Synsations. 

Der medfølger også en Korg Kontrol Editor, som er en dedikeret software editor for Mac og Windows hvormed man kan specialopsætte sit keyboard til egne præferencer inklusive finjustering af velocity kurver.
","microKEY49.jpeg",795,0,32,14,1,"2023-10-17 07:38:54","2023-10-17 07:38:54"
41,457790,"Mother-32","mother-32","Semi-modulær synth i desktop udførsel med 32-punkts patchbay, voltage-controlled 32-step sequencer, sort aluminiums kabinet med traditionelle træ-sidestykker.","Semi-modulær synth i desktop udførsel med 32-punkts patchbay, voltage-controlled 32-step sequencer, sort aluminiums kabinet med traditionelle træ-sidestykker.
Mother-32 er en 100 % analog semi-modulær synth i desktop udførsel. Et semi-modulært design betyder at man ikke behøver at starte med at patche kabler op for at få lyd, men kan starte med at nyde stor fed analog lyd med det samme. Når behovet opstår, kan man begynde at benytte det omfattende 32-punkts patchbay med de 5 medfølgende patchkabler, hvilket låser op for virkelig udtryksfulde, unikke og komplekse syntese kapaciteter. Patchbay giver også adgang til et væld af funktioner, herunder CV udgangsstik, MIDI til CV konvertering, ekstern lydindgang, en anden voltage-controlled mixer, sync, og sammenkobling af flere enheder. Mother-32 er håndlavet på Moogs fabrik i Asheville, USA og er omhyggeligt udformet i sort laserætset aluminiums kabinet med traditionelle træ-sidestykker.","moog-mother.jpeg",4499,0,3,19,1,"2023-10-17 07:38:54","2023-10-17 07:38:54"
